<keymap version="1" name="Mac OS X 10.5+ copy" parent="Mac OS X 10.5+">
  <action id="ActivateAndroidEmulatorToolWindow">
    <keyboard-shortcut first-keystroke="shift meta 0" />
  </action>
  <action id="ActivateCommitToolWindow" />
  <action id="ActivateLogcatToolWindow">
    <keyboard-shortcut first-keystroke="meta 6" />
  </action>
  <action id="ActivateProblemsViewToolWindow" />
  <action id="ActivateTODOToolWindow" />
  <action id="ActivateVersionControlToolWindow" />
  <action id="Adtui.ZoomToActualAction">
    <keyboard-shortcut first-keystroke="meta numpad0" />
  </action>
  <action id="CleanGradleProject">
    <keyboard-shortcut first-keystroke="ctrl meta c" />
  </action>
  <action id="Compare.SameVersion">
    <keyboard-shortcut first-keystroke="shift ctrl meta c" />
  </action>
  <action id="Git.Branches">
    <keyboard-shortcut first-keystroke="ctrl meta b" />
  </action>
  <action id="Git.Fetch">
    <keyboard-shortcut first-keystroke="shift ctrl meta f" />
  </action>
  <action id="ToggleRenderedDocPresentation">
    <keyboard-shortcut first-keystroke="ctrl alt q" />
    <keyboard-shortcut first-keystroke="shift ctrl meta d" />
  </action>
  <action id="ToggleZenMode">
    <keyboard-shortcut first-keystroke="shift alt 0" />
  </action>
  <action id="Unscramble">
    <keyboard-shortcut first-keystroke="shift meta s" />
  </action>
  <action id="Vcs.Show.Local.Changes">
    <keyboard-shortcut first-keystroke="meta 0" />
  </action>
  <action id="Vcs.Show.Log">
    <keyboard-shortcut first-keystroke="meta 9" />
  </action>
  <action id="android.deploy.ApplyChanges">
    <keyboard-shortcut first-keystroke="ctrl meta r" />
  </action>
  <action id="android.deploy.CodeSwap">
    <keyboard-shortcut first-keystroke="shift ctrl meta r" />
  </action>
</keymap>