<application>
  <component name="FileTypeManager" version="18">
    <extensionMap>
      <mapping pattern="mfa" type="AUTO_DETECTED" />
      <mapping pattern="doc" type="AUTO_DETECTED" />
      <mapping pattern=".well-known/apple-app-site-association" type="JSON" />
      <mapping pattern="apple-app-site-association" type="JSON" />
      <mapping ext="arb" type="JSON" />
      <mapping pattern="LocalizationKeyGeneratorPlugin" type="Kotlin" />
      <mapping ext="gradle.kts" type="Kotlin" />
      <mapping ext="main.kts" type="Kotlin" />
      <mapping pattern="LocalizationKeyGeneratorPlugin.kt" type="PLAIN_TEXT" />
      <mapping pattern="README" type="PLAIN_TEXT" />
      <mapping ext="mockmaker" type="PLAIN_TEXT" />
      <mapping ext="rawproto" type="PLAIN_TEXT" />
      <mapping ext="crt" type="PLAIN_TEXT" />
      <mapping ext="jks" type="PLAIN_TEXT" />
      <mapping ext="xcsettings" type="PLAIN_TEXT" />
      <mapping ext="ini" type="PLAIN_TEXT" />
      <mapping pattern=".env.docs" type="Shell Script" />
      <mapping pattern=".env.work" type="Shell Script" />
      <mapping pattern=".env.default" type="Shell Script" />
      <mapping ext="plist" type="XML" />
      <mapping ext="entitlements" type="XML" />
      <removed_mapping ext="apk" approved="true" type="ARCHIVE" />
      <removed_mapping ext="arb" approved="true" type="Application Resource Bundle" />
      <removed_mapping ext="plist" approved="true" type="PLAIN_TEXT" />
      <removed_mapping ext="psd" approved="true" type="Image" />
    </extensionMap>
  </component>
</application>