<application>
  <component name="GeneralSettings">
    <option name="confirmExit" value="false" />
    <option name="confirmOpenNewProject2" value="0" />
    <option name="processCloseConfirmation" value="TERMINATE" />
    <option name="showTipsOnStartup" value="false" />
  </component>
  <component name="Registry">
    <entry key="ide.mac.allowDarkWindowDecorations" value="true" />
    <entry key="debugger.watches.in.variables" value="false" />
    <entry key="documentation.show.toolbar" value="true" />
    <entry key="external.system.auto.import.disabled" value="true" />
    <entry key="ide.balloon.shadow.size" value="0" />
    <entry key="ide.images.show.chessboard" value="true" />
  </component>
</application>