<application>
  <component name="MaterialThemeConfig">
    <option name="compactMenus" value="true" />
    <option name="contrastMode" value="true" />
    <option name="premium" value="true" />
    <option name="allowDataCollection" value="true" />
    <option name="compactDropdowns" value="true" />
    <option name="compactSidebar" value="true" />
    <option name="isCompactMenus" value="true" />
    <option name="isContrastMode" value="true" />
    <option name="isWizardShown" value="true" />
    <option name="tabsHeight" value="42" />
    <option name="accentColor" value="ff9800" />
    <option name="selectedTheme" value="DARKER" />
    <option name="userId" value="2009c872:17e77f6166c:-8000" />
    <option name="version" value="6.9.1" />
  </component>
</application>