<application>
  <component name="DependencyUISettings">
    <option name="SCOPE_TYPE" value="file" />
  </component>
  <component name="UISettings">
    <option name="EDITOR_AA_TYPE" value="Greyscale" />
    <option name="IDE_AA_TYPE" value="Greyscale" />
    <option name="MAX_LOOKUP_LIST_HEIGHT" value="28" />
    <option name="MAX_LOOKUP_WIDTH2" value="787" />
    <option name="SHOW_MAIN_TOOLBAR" value="true" />
    <option name="SHOW_NAVIGATION_BAR_MEMBERS" value="false" />
  </component>
</application>