<application>
  <component name="ImportFilteringUsageViewSetting">
    <option name="SHOW_IMPORTS" value="false" />
  </component>
  <component name="ShowUsagesSettings">
    <option name="IS_EXPANDED" value="true" />
  </component>
  <component name="UsageInGeneratedCodeFilteringSetting">
    <option name="enabled" value="false" />
  </component>
  <component name="UsageViewSettings">
    <option name="IS_EXPANDED" value="true" />
    <option name="IS_FILTER_DUPLICATED_LINE" value="false" />
    <option name="GROUP_BY_FILE_STRUCTURE" value="false" />
    <option name="GROUP_BY_MODULE" value="false" />
    <option name="GROUP_BY_PACKAGE" value="false" />
    <option name="GROUP_BY_USAGE_TYPE" value="false" />
    <option name="PREVIEW_USAGES_SPLITTER_PROPORTIONS" value="0.35550457" />
    <option name="IS_REPLACE_PREVIEW_USAGES" value="false" />
  </component>
</application>